id,Fault Name,Slip Rate (mm/yr),Dip Angle (deg),Upper Depth (km),Lower Depth (km),"geometry (lon,lat)"
0,"Puysegur, 30km, 50% coupling; col: 0, row: 0",27.941469192504883,47.83877944946289,21.34568214416504,32.464569091796875,168.0939483642578,-44.3685417175293,21.34568214416504,167.95465087890625,-44.45909118652344,21.34568214416504
1,"Puysegur, 30km, 50% coupling; col: 0, row: 1",27.832571029663086,52.958858489990234,30.400299072265625,42.373348236083984,168.21400451660156,-44.414588928222656,30.400299072265625,168.07798767089844,-44.50775909423828,30.400299072265625
2,"Puysegur, 30km, 50% coupling; col: 0, row: 2",27.757946014404297,63.57316970825195,43.40509033203125,56.837642669677734,168.27664184570312,-44.443294525146484,43.40509033203125,168.1621856689453,-44.550350189208984,43.40509033203125
3,"Puysegur, 30km, 50% coupling; col: 0, row: 3",27.68695831298828,74.39059448242188,56.63252258300781,71.07929992675781,168.36988830566406,-44.479427337646484,56.63252258300781,168.23521423339844,-44.57372283935547,56.63252258300781
4,"Puysegur, 30km, 50% coupling; col: 1, row: 0",27.900861740112305,45.109764099121094,18.26663589477539,28.893539428710938,167.92483520507812,-44.456539154052734,18.26663589477539,167.7822265625,-44.54453659057617,18.26663589477539
5,"Puysegur, 30km, 50% coupling; col: 1, row: 1",27.78197479248047,50.04586410522461,25.54840850830078,37.046791076660156,168.05882263183594,-44.50739669799805,25.54840850830078,167.91636657714844,-44.59565734863281,25.54840850830078
6,"Puysegur, 30km, 50% coupling; col: 1, row: 2",27.69310760498047,55.82757568359375,37.55043411254883,49.96070098876953,168.15338134765625,-44.54462814331055,37.55043411254883,168.01580810546875,-44.636844635009766,37.55043411254883
7,"Puysegur, 30km, 50% coupling; col: 2, row: 0",27.87510108947754,44.104652404785156,17.9854736328125,28.425039291381836,167.737060546875,-44.53849792480469,17.9854736328125,167.59310913085938,-44.62550354003906,17.9854736328125
8,"Puysegur, 30km, 50% coupling; col: 2, row: 1",27.75566291809082,47.52787780761719,26.239215850830078,37.303306579589844,167.8735809326172,-44.58967590332031,26.239215850830078,167.7279815673828,-44.675411224365234,26.239215850830078
9,"Puysegur, 30km, 50% coupling; col: 2, row: 2",27.65726089477539,54.24627685546875,37.516353607177734,49.689395904541016,167.98085021972656,-44.63180923461914,37.516353607177734,167.8369598388672,-44.71910858154297,37.516353607177734
10,"Puysegur, 30km, 50% coupling; col: 3, row: 0",27.828577041625977,42.06632995605469,14.590298652648926,24.640155792236328,167.56642150878906,-44.6278190612793,14.590298652648926,167.42874145507812,-44.72000503540039,14.590298652648926
11,"Puysegur, 30km, 50% coupling; col: 3, row: 1",27.71162223815918,45.0237922668457,22.17580795288086,32.78681182861328,167.70162963867188,-44.677974700927734,22.17580795288086,167.56065368652344,-44.76770782470703,22.17580795288086
12,"Puysegur, 30km, 50% coupling; col: 3, row: 2",27.62247085571289,51.17935562133789,34.117584228515625,45.80426788330078,167.79811096191406,-44.715885162353516,34.117584228515625,167.6592254638672,-44.807350158691406,34.117584228515625
13,"Puysegur, 30km, 50% coupling; col: 4, row: 0",27.76021385192871,41.5217399597168,16.856609344482422,26.800172805786133,167.42066955566406,-44.727088928222656,16.856609344482422,167.28953552246094,-44.82414627075195,16.856609344482422
14,"Puysegur, 30km, 50% coupling; col: 4, row: 1",27.635358810424805,45.64335632324219,25.11175537109375,35.83678436279297,167.56265258789062,-44.78022384643555,25.11175537109375,167.4293975830078,-44.87592315673828,25.11175537109375
15,"Puysegur, 30km, 50% coupling; col: 4, row: 2",27.50809669494629,57.62869644165039,33.85328674316406,46.5222282409668,167.7012939453125,-44.835044860839844,33.85328674316406,167.56875610351562,-44.93134689331055,33.85328674316406
16,"Puysegur, 30km, 50% coupling; col: 5, row: 0",27.682598114013672,40.33445739746094,16.105161666870117,25.813886642456055,167.28907775878906,-44.83102035522461,16.105161666870117,167.1620635986328,-44.93094253540039,16.105161666870117
17,"Puysegur, 30km, 50% coupling; col: 5, row: 1",27.55689811706543,43.42349624633789,24.093408584594727,34.40419006347656,167.4290771484375,-44.8837776184082,24.093408584594727,167.30271911621094,-44.984222412109375,24.093408584594727
18,"Puysegur, 30km, 50% coupling; col: 5, row: 2",27.436368942260742,55.834495544433594,33.56462478637695,45.97590637207031,167.55935668945312,-44.93523406982422,33.56462478637695,167.43479919433594,-45.03689956665039,33.56462478637695
19,"Puysegur, 30km, 50% coupling; col: 6, row: 0",27.675657272338867,35.960201263427734,12.93030834197998,21.73865509033203,167.0829315185547,-44.905887603759766,12.93030834197998,166.95730590820312,-45.006771087646484,12.93030834197998
20,"Puysegur, 30km, 50% coupling; col: 6, row: 1",27.54734992980957,40.470245361328125,20.72978973388672,30.465585708618164,167.22567749023438,-44.95988845825195,20.72978973388672,167.09976196289062,-45.06068420410156,20.72978973388672
21,"Puysegur, 30km, 50% coupling; col: 6, row: 2",27.42926025390625,45.91856384277344,30.276153564453125,41.051429748535156,167.3475799560547,-45.00852966308594,30.276153564453125,167.23080444335938,-45.11479949951172,30.276153564453125
22,"Puysegur, 30km, 50% coupling; col: 6, row: 3",27.348413467407227,67.65874481201172,42.71240997314453,56.58645248413086,167.4298858642578,-45.04361343383789,42.71240997314453,167.31666564941406,-45.1518440246582,42.71240997314453
23,"Puysegur, 30km, 50% coupling; col: 6, row: 4",27.284883499145508,74.54623413085938,56.406227111816406,70.8639144897461,167.4986572265625,-45.07040023803711,56.406227111816406,167.386962890625,-45.1794548034668,56.406227111816406
24,"Puysegur, 30km, 50% coupling; col: 7, row: 0",27.593366622924805,32.31173324584961,12.45378589630127,20.471668243408203,166.95826721191406,-45.012420654296875,12.45378589630127,166.8372344970703,-45.116207122802734,12.45378589630127
25,"Puysegur, 30km, 50% coupling; col: 7, row: 1",27.46323585510254,37.03864669799805,19.58083724975586,28.61614227294922,167.1025390625,-45.066978454589844,19.58083724975586,166.98135375976562,-45.170772552490234,19.58083724975586
26,"Puysegur, 30km, 50% coupling; col: 7, row: 2",27.3445987701416,46.403724670410156,29.288358688354492,40.151607513427734,167.2164764404297,-45.115482330322266,29.288358688354492,167.11219787597656,-45.22816467285156,29.288358688354492
27,"Puysegur, 30km, 50% coupling; col: 7, row: 3",27.258779525756836,64.97476959228516,41.481964111328125,55.073787689208984,167.30926513671875,-45.15195083618164,41.481964111328125,167.2059783935547,-45.265132904052734,41.481964111328125
28,"Puysegur, 30km, 50% coupling; col: 7, row: 4",27.184560775756836,72.37396240234375,54.687870025634766,68.9836654663086,167.38882446289062,-45.18257141113281,54.687870025634766,167.28945922851562,-45.29752731323242,54.687870025634766
29,"Puysegur, 30km, 50% coupling; col: 8, row: 0",27.5114688873291,30.351423263549805,12.505071640014648,20.084606170654297,166.83755493164062,-45.11963653564453,12.505071640014648,166.7173309326172,-45.22400665283203,12.505071640014648
30,"Puysegur, 30km, 50% coupling; col: 8, row: 1",27.377952575683594,35.44356155395508,19.224002838134766,27.922513961791992,166.98199462890625,-45.17525100708008,19.224002838134766,166.86447143554688,-45.28123092651367,19.224002838134766
31,"Puysegur, 30km, 50% coupling; col: 8, row: 2",27.25585174560547,47.146183013916016,28.498620986938477,39.494991302490234,167.10292053222656,-45.2255859375,28.498620986938477,166.99856567382812,-45.33830642700195,28.498620986938477
32,"Puysegur, 30km, 50% coupling; col: 8, row: 3",27.164506912231445,59.26970291137695,40.44231033325195,53.33604431152344,167.2005157470703,-45.26367950439453,40.44231033325195,167.09954833984375,-45.37797927856445,40.44231033325195
33,"Puysegur, 30km, 50% coupling; col: 9, row: 0",27.467809677124023,25.2558650970459,11.307595252990723,17.707515716552734,166.67579650878906,-45.211124420166016,11.307595252990723,166.556396484375,-45.316043853759766,11.307595252990723
34,"Puysegur, 30km, 50% coupling; col: 9, row: 1",27.329357147216797,31.318626403808594,17.196935653686523,24.99388885498047,166.82435607910156,-45.26870346069336,17.196935653686523,166.70816040039062,-45.3754997253418,17.196935653686523
35,"Puysegur, 30km, 50% coupling; col: 9, row: 2",27.201234817504883,41.620079040527344,25.767398834228516,35.730220794677734,166.95101928710938,-45.32147979736328,25.767398834228516,166.84844970703125,-45.43507385253906,25.767398834228516
36,"Puysegur, 30km, 50% coupling; col: 9, row: 3",27.080162048339844,55.04154586791992,35.23710250854492,47.53062057495117,167.08424377441406,-45.37210464477539,35.23710250854492,166.98175048828125,-45.48579025268555,35.23710250854492
37,"Puysegur, 30km, 50% coupling; col: 10, row: 0",27.383874893188477,23.161155700683594,11.49482536315918,17.39460563659668,166.5561981201172,-45.31974411010742,11.49482536315918,166.43992614746094,-45.42650604248047,11.49482536315918
38,"Puysegur, 30km, 50% coupling; col: 10, row: 1",27.24375343322754,29.796323776245117,17.121063232421875,24.574838638305664,166.70806884765625,-45.37801742553711,17.121063232421875,166.59323120117188,-45.48563003540039,17.121063232421875
39,"Puysegur, 30km, 50% coupling; col: 10, row: 2",27.11074447631836,43.27016067504883,25.08612060546875,35.36771011352539,166.84201049804688,-45.43301010131836,25.08612060546875,166.7381591796875,-45.546104431152344,25.08612060546875
40,"Puysegur, 30km, 50% coupling; col: 10, row: 3",26.990644454956055,53.44282531738281,34.66730499267578,46.71624755859375,166.9734649658203,-45.48298645019531,34.66730499267578,166.8702392578125,-45.59642028808594,34.66730499267578
41,"Puysegur, 30km, 50% coupling; col: 11, row: 0",27.34988784790039,20.174720764160156,10.400181770324707,15.573443412780762,166.38548278808594,-45.408119201660156,10.400181770324707,166.26986694335938,-45.51530456542969,10.400181770324707
42,"Puysegur, 30km, 50% coupling; col: 11, row: 1",27.200773239135742,26.435314178466797,14.547385215759277,21.22519302368164,166.5474090576172,-45.47002029418945,14.547385215759277,166.43247985839844,-45.57767105102539,14.547385215759277
43,"Puysegur, 30km, 50% coupling; col: 11, row: 2",27.062503814697266,33.611328125,21.103017807006836,29.406362533569336,166.68704223632812,-45.52695083618164,21.103017807006836,166.58306884765625,-45.640037536621094,21.103017807006836
44,"Puysegur, 30km, 50% coupling; col: 11, row: 3",26.938060760498047,48.94143295288086,30.086132049560547,41.39670944213867,166.8202667236328,-45.578617095947266,30.086132049560547,166.7191162109375,-45.69301986694336,30.086132049560547
45,"Puysegur, 30km, 50% coupling; col: 11, row: 4",26.845239639282227,57.657615661621094,42.01033020019531,54.68332290649414,166.92120361328125,-45.61705017089844,42.01033020019531,166.82118225097656,-45.731990814208984,42.01033020019531
46,"Puysegur, 30km, 50% coupling; col: 12, row: 0",27.298606872558594,18.30327033996582,9.930825233459473,14.641524314880371,166.23631286621094,-45.50411605834961,9.930825233459473,166.11984252929688,-45.610923767089844,9.930825233459473
47,"Puysegur, 30km, 50% coupling; col: 12, row: 1",27.14797592163086,22.714794158935547,13.650623321533203,19.442787170410156,166.39971923828125,-45.56648254394531,13.650623321533203,166.28366088867188,-45.673606872558594,13.650623321533203
48,"Puysegur, 30km, 50% coupling; col: 12, row: 2",27.002988815307617,30.20681381225586,19.3177490234375,26.86458969116211,166.53533935546875,-45.6259765625,19.3177490234375,166.44029235839844,-45.742919921875,19.3177490234375
49,"Puysegur, 30km, 50% coupling; col: 12, row: 3",26.874799728393555,46.138336181640625,27.741117477416992,38.556339263916016,166.673095703125,-45.678810119628906,27.741117477416992,166.58090209960938,-45.79692459106445,27.741117477416992
50,"Puysegur, 30km, 50% coupling; col: 12, row: 4",26.769168853759766,52.8908805847168,38.839115142822266,50.80143356323242,166.78054809570312,-45.72180938720703,38.839115142822266,166.6986083984375,-45.84360885620117,38.839115142822266
51,"Puysegur, 30km, 50% coupling; col: 13, row: 0",27.234691619873047,16.998668670654297,9.310694694519043,13.695937156677246,166.101318359375,-45.60567092895508,9.310694694519043,165.984375,-45.71231460571289,9.310694694519043
52,"Puysegur, 30km, 50% coupling; col: 13, row: 1",27.0831298828125,19.774154663085938,12.868699073791504,17.943401336669922,166.26437377929688,-45.66823196411133,12.868699073791504,166.14862060546875,-45.77560806274414,12.868699073791504
53,"Puysegur, 30km, 50% coupling; col: 13, row: 2",26.93183135986328,29.73220443725586,17.76323890686035,25.202442169189453,166.40516662597656,-45.73036575317383,17.76323890686035,166.3113250732422,-45.847835540771484,17.76323890686035
54,"Puysegur, 30km, 50% coupling; col: 13, row: 3",26.797870635986328,40.65445327758789,25.719261169433594,35.491695404052734,166.53802490234375,-45.78535079956055,25.719261169433594,166.45838928222656,-45.90788650512695,25.719261169433594
55,"Puysegur, 30km, 50% coupling; col: 13, row: 4",26.685815811157227,47.58453369140625,36.392826080322266,47.46692657470703,166.64483642578125,-45.831207275390625,36.392826080322266,166.58412170410156,-45.95895767211914,36.392826080322266
56,"Puysegur, 30km, 50% coupling; col: 13, row: 5",26.581323623657227,55.69746780395508,47.81016540527344,60.20126724243164,166.73988342285156,-45.873939514160156,47.81016540527344,166.7064666748047,-46.00651931762695,47.81016540527344
57,"Puysegur, 30km, 50% coupling; col: 14, row: 0",27.18024444580078,16.193513870239258,8.93738079071045,13.120616912841797,165.95909118652344,-45.7037353515625,8.93738079071045,165.83975219726562,-45.80915832519531,8.93738079071045
58,"Puysegur, 30km, 50% coupling; col: 14, row: 1",27.02750587463379,17.722530364990234,12.43740463256836,17.00351905822754,166.12060546875,-45.76658248901367,12.43740463256836,166.00442504882812,-45.87381362915039,12.43740463256836
59,"Puysegur, 30km, 50% coupling; col: 14, row: 2",26.873228073120117,24.688629150390625,16.54071044921875,22.806013107299805,166.2687530517578,-45.829891204833984,16.54071044921875,166.16989135742188,-45.94537353515625,16.54071044921875
60,"Puysegur, 30km, 50% coupling; col: 14, row: 3",26.72638702392578,33.57645034790039,22.899206161499023,31.194942474365234,166.40621948242188,-45.890384674072266,22.899206161499023,166.3296356201172,-46.01389694213867,22.899206161499023
61,"Puysegur, 30km, 50% coupling; col: 14, row: 4",26.591739654541016,40.13473892211914,31.290128707885742,40.95893859863281,166.5323028564453,-45.94609451293945,31.290128707885742,166.47918701171875,-46.07549285888672,31.290128707885742
62,"Puysegur, 30km, 50% coupling; col: 14, row: 5",26.47760772705078,45.75282287597656,42.14520263671875,52.8902473449707,166.63072204589844,-45.994384765625,42.14520263671875,166.61036682128906,-46.12823486328125,42.14520263671875
63,"Puysegur, 30km, 50% coupling; col: 14, row: 6",26.372644424438477,54.72993850708008,53.25849533081055,65.50508880615234,166.73753356933594,-46.036956787109375,53.25849533081055,166.73428344726562,-46.17155456542969,53.25849533081055
64,"Puysegur, 30km, 50% coupling; col: 15, row: 0",27.14141845703125,15.16496753692627,7.710133075714111,11.634119033813477,165.7992706298828,-45.79563903808594,7.710133075714111,165.67906188964844,-45.90065002441406,7.710133075714111
65,"Puysegur, 30km, 50% coupling; col: 15, row: 1",26.9885311126709,15.726366996765137,11.18714427947998,15.252795219421387,165.96083068847656,-45.858463287353516,11.18714427947998,165.84327697753906,-45.96503448486328,11.18714427947998
66,"Puysegur, 30km, 50% coupling; col: 15, row: 2",26.833139419555664,19.020660400390625,15.297266006469727,20.185901641845703,166.10897827148438,-45.9221305847168,15.297266006469727,166.0091552734375,-46.037261962890625,15.297266006469727
67,"Puysegur, 30km, 50% coupling; col: 15, row: 3",26.68320655822754,26.27191162109375,20.267980575561523,26.907455444335938,166.25816345214844,-45.98377990722656,20.267980575561523,166.17108154296875,-46.103885650634766,20.267980575561523
68,"Puysegur, 30km, 50% coupling; col: 15, row: 4",26.541818618774414,32.42345428466797,27.77089500427246,35.813480377197266,166.3890838623047,-46.04232406616211,27.77089500427246,166.32557678222656,-46.16943359375,27.77089500427246
69,"Puysegur, 30km, 50% coupling; col: 15, row: 5",26.40281105041504,35.481422424316406,36.04568099975586,44.75226593017578,166.51295471191406,-46.101070404052734,36.04568099975586,166.47996520996094,-46.23368835449219,36.04568099975586
70,"Puysegur, 30km, 50% coupling; col: 15, row: 6",26.275575637817383,42.7906608581543,45.34584045410156,55.535667419433594,166.6348419189453,-46.154232025146484,45.34584045410156,166.62525939941406,-46.28866958618164,45.34584045410156
71,"Puysegur, 30km, 50% coupling; col: 15, row: 7",26.160842895507812,52.44353103637695,55.484619140625,67.37591552734375,166.75608825683594,-46.20027160644531,55.484619140625,166.75975036621094,-46.33486557006836,55.484619140625
72,"Puysegur, 30km, 50% coupling; col: 16, row: 0",27.11594581604004,13.580056190490723,6.792259693145752,10.314316749572754,165.62254333496094,-45.88227462768555,6.792259693145752,165.50473022460938,-45.988677978515625,6.792259693145752
73,"Puysegur, 30km, 50% coupling; col: 16, row: 1",26.961883544921875,14.612534523010254,10.095632553100586,13.87984848022461,165.78485107421875,-45.94556427001953,10.095632553100586,165.66943359375,-46.0533332824707,10.095632553100586
74,"Puysegur, 30km, 50% coupling; col: 16, row: 2",26.806285858154297,16.23255729675293,13.978936195373535,18.171987533569336,165.93698120117188,-46.00932312011719,13.978936195373535,165.8352508544922,-46.12367630004883,13.978936195373535
75,"Puysegur, 30km, 50% coupling; col: 16, row: 3",26.651269912719727,21.32394027709961,17.91364097595215,23.368247985839844,166.09091186523438,-46.073028564453125,17.91364097595215,166.00169372558594,-46.19239807128906,17.91364097595215
76,"Puysegur, 30km, 50% coupling; col: 16, row: 4",26.501197814941406,26.280305862426758,23.604454040527344,30.245899200439453,166.2361602783203,-46.134925842285156,23.604454040527344,166.1641082763672,-46.259822845458984,23.604454040527344
77,"Puysegur, 30km, 50% coupling; col: 16, row: 5",26.353530883789062,29.334280014038086,30.16518783569336,37.51375198364258,166.37538146972656,-46.196449279785156,30.16518783569336,166.32554626464844,-46.326499938964844,30.16518783569336
78,"Puysegur, 30km, 50% coupling; col: 16, row: 6",26.20362091064453,31.84698486328125,36.346858978271484,44.26164627075195,166.51806640625,-46.25941848754883,36.346858978271484,166.49118041992188,-46.392704010009766,36.346858978271484
79,"Puysegur, 30km, 50% coupling; col: 16, row: 7",26.0640811920166,39.75468444824219,43.97333908081055,53.56586456298828,166.65692138671875,-46.317161560058594,43.97333908081055,166.64939880371094,-46.451663970947266,43.97333908081055
80,"Puysegur, 30km, 50% coupling; col: 16, row: 8",25.927837371826172,50.293609619140625,51.77876663208008,63.31869125366211,166.80213928222656,-46.3717155456543,51.77876663208008,166.80776977539062,-46.50627899169922,51.77876663208008
81,"Puysegur, 30km, 50% coupling; col: 17, row: 0",27.069915771484375,11.876739501953125,6.101146221160889,9.188249588012695,165.46072387695312,-45.97768020629883,6.101146221160889,165.3526153564453,-46.089046478271484,6.101146221160889
82,"Puysegur, 30km, 50% coupling; col: 17, row: 1",26.914573669433594,13.578314781188965,9.032949447631836,12.554563522338867,165.62625122070312,-46.04148864746094,9.032949447631836,165.51828002929688,-46.15300369262695,9.032949447631836
83,"Puysegur, 30km, 50% coupling; col: 17, row: 2",26.75714111328125,15.219914436340332,12.682729721069336,16.62059783935547,165.77896118164062,-46.106197357177734,12.682729721069336,165.685546875,-46.22397994995117,12.682729721069336
84,"Puysegur, 30km, 50% coupling; col: 17, row: 3",26.603120803833008,18.61663818359375,16.42589569091797,21.214412689208984,165.94113159179688,-46.16926956176758,16.42589569091797,165.85093688964844,-46.2883186340332,16.42589569091797
85,"Puysegur, 30km, 50% coupling; col: 17, row: 4",26.449420928955078,22.046932220458984,20.978221893310547,26.60871124267578,166.09457397460938,-46.232418060302734,20.978221893310547,166.0164031982422,-46.35554885864258,20.978221893310547
86,"Puysegur, 30km, 50% coupling; col: 17, row: 5",26.29848289489746,25.561906814575195,26.782712936401367,33.2550048828125,166.23907470703125,-46.2949333190918,26.782712936401367,166.18011474609375,-46.42314147949219,26.782712936401367
87,"Puysegur, 30km, 50% coupling; col: 17, row: 6",26.150043487548828,26.961992263793945,33.19779586791992,39.998783111572266,166.3811492919922,-46.3569450378418,33.19779586791992,166.34234619140625,-46.48880386352539,33.19779586791992
88,"Puysegur, 30km, 50% coupling; col: 17, row: 7",25.995433807373047,29.843570709228516,38.15177536010742,45.61628341674805,166.53237915039062,-46.421566009521484,38.15177536010742,166.51309204101562,-46.55548858642578,38.15177536010742
89,"Puysegur, 30km, 50% coupling; col: 17, row: 8",25.854877471923828,38.003883361816406,45.51347732543945,54.749202728271484,166.6749267578125,-46.479339599609375,45.51347732543945,166.67225646972656,-46.613929748535156,45.51347732543945
90,"Puysegur, 30km, 50% coupling; col: 17, row: 9",25.721147537231445,49.0219612121582,53.475250244140625,64.79966735839844,166.82095336914062,-46.53215026855469,53.475250244140625,166.82736206054688,-46.66669845581055,53.475250244140625
91,"Puysegur, 30km, 50% coupling; col: 18, row: 0",26.98632049560547,11.374463081359863,5.858669281005859,8.816975593566895,165.32870483398438,-46.08946990966797,5.858669281005859,165.24073791503906,-46.20917892456055,5.858669281005859
92,"Puysegur, 30km, 50% coupling; col: 18, row: 1",26.831417083740234,13.031349182128906,8.622715950012207,12.00497817993164,165.49888610839844,-46.15278625488281,8.622715950012207,165.4058074951172,-46.27068328857422,8.622715950012207
93,"Puysegur, 30km, 50% coupling; col: 18, row: 2",26.675891876220703,15.279006004333496,12.056536674499512,16.00933074951172,165.6614990234375,-46.21651840209961,12.056536674499512,165.5716094970703,-46.335655212402344,12.056536674499512
94,"Puysegur, 30km, 50% coupling; col: 18, row: 3",26.52233123779297,17.280986785888672,15.937612533569336,20.393484115600586,165.82510375976562,-46.27923583984375,15.937612533569336,165.73609924316406,-46.39876174926758,15.937612533569336
95,"Puysegur, 30km, 50% coupling; col: 18, row: 4",26.36760711669922,19.872161865234375,20.21902084350586,25.317861557006836,165.98081970214844,-46.342689514160156,20.21902084350586,165.90213012695312,-46.46569061279297,20.21902084350586
96,"Puysegur, 30km, 50% coupling; col: 18, row: 5",26.215417861938477,22.267501831054688,25.432069778442383,31.116039276123047,166.13235473632812,-46.40525817871094,25.432069778442383,166.0663604736328,-46.53182601928711,25.432069778442383
97,"Puysegur, 30km, 50% coupling; col: 18, row: 6",26.063556671142578,23.513038635253906,31.07929229736328,37.06365966796875,166.27919006347656,-46.468284606933594,31.07929229736328,166.2312469482422,-46.59870529174805,31.07929229736328
98,"Puysegur, 30km, 50% coupling; col: 18, row: 7",25.916278839111328,25.68064308166504,37.8830680847168,44.38338851928711,166.4193878173828,-46.53003692626953,37.8830680847168,166.39273071289062,-46.66334533691406,37.8830680847168
99,"Puysegur, 30km, 50% coupling; col: 18, row: 8",25.761035919189453,29.941394805908203,42.489707946777344,49.97641372680664,166.5764617919922,-46.594173431396484,42.489707946777344,166.56463623046875,-46.728515625,42.489707946777344
100,"Puysegur, 30km, 50% coupling; col: 18, row: 9",25.602487564086914,42.7654914855957,46.411834716796875,56.59682083129883,166.74302673339844,-46.65787887573242,46.411834716796875,166.74656677246094,-46.7924690246582,46.411834716796875
101,"Puysegur, 30km, 50% coupling; col: 18, row: 10",25.503883361816406,49.010353088378906,57.850341796875,69.17276763916016,166.8470001220703,-46.69747543334961,57.850341796875,166.86111450195312,-46.831748962402344,57.850341796875
102,"Puysegur, 30km, 50% coupling; col: 19, row: 0",26.880220413208008,12.568918228149414,5.661351203918457,8.925558090209961,165.2166748046875,-46.212005615234375,5.661351203918457,165.15420532226562,-46.3392333984375,5.661351203918457
103,"Puysegur, 30km, 50% coupling; col: 19, row: 1",26.72515296936035,13.595502853393555,8.368870735168457,11.894858360290527,165.3876953125,-46.27492904663086,8.368870735168457,165.3188018798828,-46.400604248046875,8.368870735168457
104,"Puysegur, 30km, 50% coupling; col: 19, row: 2",26.57508087158203,15.134265899658203,11.803712844848633,15.719940185546875,165.56472778320312,-46.335201263427734,11.803712844848633,165.47921752929688,-46.4559326171875,11.803712844848633
105,"Puysegur, 30km, 50% coupling; col: 19, row: 3",26.421497344970703,16.83148193359375,15.823721885681152,20.16708755493164,165.7285614013672,-46.397789001464844,15.823721885681152,165.643310546875,-46.51866912841797,15.823721885681152
106,"Puysegur, 30km, 50% coupling; col: 19, row: 4",26.268192291259766,18.673673629760742,20.28247833251953,25.08514404296875,165.88760375976562,-46.460357666015625,20.28247833251953,165.8075714111328,-46.58298110961914,20.28247833251953
107,"Puysegur, 30km, 50% coupling; col: 19, row: 5",26.11441421508789,20.27109718322754,25.070396423339844,30.267333984375,166.0417938232422,-46.52338790893555,25.070396423339844,165.97293090820312,-46.64924621582031,25.070396423339844
108,"Puysegur, 30km, 50% coupling; col: 19, row: 6",25.95755958557129,21.192625045776367,29.56404685974121,34.98661422729492,166.19296264648438,-46.58836364746094,29.56404685974121,166.1425323486328,-46.71834182739258,29.56404685974121
109,"Puysegur, 30km, 50% coupling; col: 19, row: 7",25.808578491210938,22.38087272644043,35.93806838989258,41.64949417114258,166.3383331298828,-46.650272369384766,35.93806838989258,166.3047637939453,-46.7828369140625,35.93806838989258
110,"Puysegur, 30km, 50% coupling; col: 19, row: 8",25.66011619567871,25.66890525817871,42.332435607910156,48.829986572265625,166.48460388183594,-46.71198654174805,42.332435607910156,166.4681396484375,-46.84608840942383,42.332435607910156
111,"Puysegur, 30km, 50% coupling; col: 19, row: 9",25.5029239654541,33.56014633178711,46.55569076538086,54.847869873046875,166.64572143554688,-46.77622985839844,46.55569076538086,166.6443328857422,-46.910823822021484,46.55569076538086
112,"Puysegur, 30km, 50% coupling; col: 19, row: 10",25.347732543945312,42.7497673034668,51.00144958496094,61.18341827392578,166.81146240234375,-46.83830261230469,51.00144958496094,166.8212432861328,-46.97275161743164,51.00144958496094
113,"Puysegur, 30km, 50% coupling; col: 20, row: 0",26.765756607055664,12.964879035949707,5.15382719039917,8.519133567810059,165.1298828125,-46.337608337402344,5.15382719039917,165.0780029296875,-46.46711349487305,5.15382719039917
114,"Puysegur, 30km, 50% coupling; col: 20, row: 1",26.612852096557617,14.897636413574219,7.836315155029297,11.692708969116211,165.30516052246094,-46.3987922668457,7.836315155029297,165.2399444580078,-46.52542495727539,7.836315155029297
115,"Puysegur, 30km, 50% coupling; col: 20, row: 2",26.463712692260742,15.747734069824219,11.915571212768555,15.986607551574707,165.48001098632812,-46.45849609375,11.915571212768555,165.3987274169922,-46.58066177368164,11.915571212768555
116,"Puysegur, 30km, 50% coupling; col: 20, row: 3",26.310333251953125,16.756271362304688,15.953496932983398,20.278013229370117,165.64596557617188,-46.520748138427734,15.953496932983398,165.56228637695312,-46.6422004699707,15.953496932983398
117,"Puysegur, 30km, 50% coupling; col: 20, row: 4",26.15659523010254,17.72344207763672,20.28294563293457,24.849288940429688,165.80740356445312,-46.583282470703125,20.28294563293457,165.72665405273438,-46.70572280883789,20.28294563293457
118,"Puysegur, 30km, 50% coupling; col: 20, row: 5",26.00290870666504,18.7686824798584,25.183881759643555,30.01010513305664,165.96255493164062,-46.646080017089844,25.183881759643555,165.89144897460938,-46.77137756347656,25.183881759643555
119,"Puysegur, 30km, 50% coupling; col: 20, row: 6",25.846261978149414,19.461589813232422,29.82536506652832,34.8229866027832,166.11524963378906,-46.710628509521484,29.82536506652832,166.06024169921875,-46.83973693847656,29.82536506652832
120,"Puysegur, 30km, 50% coupling; col: 20, row: 7",25.6892147064209,20.46822738647461,34.358070373535156,39.603389739990234,166.26905822753906,-46.77558898925781,34.358070373535156,166.23057556152344,-46.90752029418945,34.358070373535156
121,"Puysegur, 30km, 50% coupling; col: 20, row: 8",25.53697395324707,21.718589782714844,40.023773193359375,45.57449722290039,166.41970825195312,-46.83866500854492,40.023773193359375,166.39678955078125,-46.97230911254883,40.023773193359375
122,"Puysegur, 30km, 50% coupling; col: 20, row: 9",25.378929138183594,27.59471321105957,43.31577682495117,50.26398849487305,166.58604431152344,-46.90259552001953,43.31577682495117,166.5713348388672,-47.036808013916016,43.31577682495117
123,"Puysegur, 30km, 50% coupling; col: 20, row: 10",25.227495193481445,33.95458221435547,48.397953033447266,56.77598571777344,166.7477569580078,-46.96334457397461,48.397953033447266,166.74026489257812,-47.09785461425781,48.397953033447266
124,"Puysegur, 30km, 50% coupling; col: 21, row: 0",26.609548568725586,15.740294456481934,5.404367446899414,9.473528861999512,165.10760498046875,-46.478572845458984,5.404367446899414,165.04656982421875,-46.60618591308594,5.404367446899414
125,"Puysegur, 30km, 50% coupling; col: 21, row: 1",26.455921173095703,16.308818817138672,8.989706039428711,13.201922416687012,165.27821350097656,-46.54049301147461,8.989706039428711,165.2089385986328,-46.6661376953125,8.989706039428711
126,"Puysegur, 30km, 50% coupling; col: 21, row: 2",26.304000854492188,16.65566635131836,13.0831298828125,17.38241958618164,165.44850158691406,-46.60165786743164,13.0831298828125,165.37020874023438,-46.72481155395508,13.0831298828125
127,"Puysegur, 30km, 50% coupling; col: 21, row: 3",26.149892807006836,16.918519973754883,17.266538619995117,21.631711959838867,165.61285400390625,-46.664154052734375,17.266538619995117,165.53421020507812,-46.787254333496094,17.266538619995117
128,"Puysegur, 30km, 50% coupling; col: 21, row: 4",25.99519920349121,17.377628326416016,21.66278839111328,26.142812728881836,165.77342224121094,-46.72704315185547,21.66278839111328,165.6993408203125,-46.85152816772461,21.66278839111328
129,"Puysegur, 30km, 50% coupling; col: 21, row: 5",25.840288162231445,17.764686584472656,26.3067684173584,30.883394241333008,165.9309539794922,-46.79020690917969,26.3067684173584,165.86532592773438,-46.91695022583008,26.3067684173584
130,"Puysegur, 30km, 50% coupling; col: 21, row: 6",25.68434715270996,18.207258224487305,30.896547317504883,35.583377838134766,166.08743286132812,-46.8540153503418,30.896547317504883,166.03317260742188,-46.983299255371094,30.896547317504883
131,"Puysegur, 30km, 50% coupling; col: 21, row: 7",25.52703857421875,18.626501083374023,35.4908561706543,40.281822204589844,166.2421875,-46.918880462646484,35.4908561706543,166.20343017578125,-47.05078125,35.4908561706543
132,"Puysegur, 30km, 50% coupling; col: 21, row: 8",25.37193489074707,21.11035919189453,39.84397506713867,45.246456146240234,166.40367126464844,-46.98183822631836,39.84397506713867,166.37237548828125,-47.114688873291016,39.84397506713867
133,"Puysegur, 30km, 50% coupling; col: 22, row: 0",26.4660701751709,17.047199249267578,5.401826858520508,9.79921817779541,165.06460571289062,-46.615318298339844,5.401826858520508,165.00193786621094,-46.742584228515625,5.401826858520508
134,"Puysegur, 30km, 50% coupling; col: 22, row: 1",26.31136131286621,16.911617279052734,9.336318969726562,13.699761390686035,165.23141479492188,-46.677913665771484,9.336318969726562,165.16506958007812,-46.80434036254883,9.336318969726562
135,"Puysegur, 30km, 50% coupling; col: 22, row: 2",26.1578426361084,16.877666473388672,13.912524223327637,18.2674617767334,165.39437866210938,-46.740142822265625,13.912524223327637,165.32754516601562,-46.866493225097656,13.912524223327637
136,"Puysegur, 30km, 50% coupling; col: 22, row: 3",26.00412940979004,16.9569034576416,18.39545440673828,22.770238876342773,165.5576629638672,-46.80235290527344,18.39545440673828,165.49082946777344,-46.92874526977539,18.39545440673828
137,"Puysegur, 30km, 50% coupling; col: 22, row: 4",25.847156524658203,17.06643295288086,22.25879669189453,26.661001205444336,165.72056579589844,-46.86609649658203,22.25879669189453,165.65818786621094,-46.993595123291016,22.25879669189453
138,"Puysegur, 30km, 50% coupling; col: 22, row: 5",25.691076278686523,17.18938636779785,26.613737106323242,31.046703338623047,165.8804931640625,-46.92961883544922,26.613737106323242,165.82525634765625,-47.058692932128906,26.613737106323242
139,"Puysegur, 30km, 50% coupling; col: 22, row: 6",25.536436080932617,17.28163719177246,31.35742950439453,35.81346130371094,166.0392303466797,-46.992530822753906,31.35742950439453,165.99148559570312,-47.12303161621094,31.35742950439453
140,"Puysegur, 30km, 50% coupling; col: 22, row: 7",25.377843856811523,17.54172706604004,34.929080963134766,39.4500846862793,166.2021484375,-47.05706024169922,34.929080963134766,166.16273498535156,-47.188880920410156,34.929080963134766
141,"Puysegur, 30km, 50% coupling; col: 22, row: 8",25.22255516052246,21.041038513183594,38.69991683959961,44.08546447753906,166.36947631835938,-47.11915969848633,38.69991683959961,166.33154296875,-47.2512092590332,38.69991683959961
142,"Puysegur, 30km, 50% coupling; col: 23, row: 0",26.340450286865234,17.375925064086914,5.354862689971924,9.83445930480957,164.99624633789062,-46.745670318603516,5.354862689971924,164.9388885498047,-46.8741340637207,5.354862689971924
143,"Puysegur, 30km, 50% coupling; col: 23, row: 1",26.183576583862305,17.13248062133789,9.376991271972656,13.795722961425781,165.15908813476562,-46.80952835083008,9.376991271972656,165.10397338867188,-46.93849563598633,9.376991271972656
144,"Puysegur, 30km, 50% coupling; col: 23, row: 2",26.028564453125,16.932592391967773,13.886208534240723,18.254905700683594,165.3213653564453,-46.872413635253906,13.886208534240723,165.26768493652344,-47.001705169677734,13.886208534240723
145,"Puysegur, 30km, 50% coupling; col: 23, row: 3",25.8720645904541,16.951183319091797,18.09404945373535,22.4674015045166,165.48377990722656,-46.93596649169922,18.09404945373535,165.4336395263672,-47.06595230102539,18.09404945373535
146,"Puysegur, 30km, 50% coupling; col: 23, row: 4",25.71661949157715,16.979347229003906,22.4110107421875,26.79141616821289,165.64706420898438,-46.99882125854492,22.4110107421875,165.5990753173828,-47.12922286987305,22.4110107421875
147,"Puysegur, 30km, 50% coupling; col: 23, row: 5",25.561546325683594,17.01897621154785,26.6048583984375,30.99518394470215,165.81092834472656,-47.06135177612305,26.6048583984375,165.7647247314453,-47.19208526611328,26.6048583984375
148,"Puysegur, 30km, 50% coupling; col: 23, row: 6",25.40337371826172,17.066987991333008,29.61349105834961,34.01583480834961,165.9785919189453,-47.12501525878906,29.61349105834961,165.93434143066406,-47.25609588623047,29.61349105834961
149,"Puysegur, 30km, 50% coupling; col: 23, row: 7",25.250024795532227,16.95746421813965,34.4497184753418,38.82464599609375,166.1409149169922,-47.186710357666016,34.4497184753418,166.0994415283203,-47.318241119384766,34.4497184753418
150,"Puysegur, 30km, 50% coupling; col: 23, row: 8",25.096744537353516,20.1774845123291,38.919639587402344,44.09357833862305,166.3064422607422,-47.247798919677734,38.919639587402344,166.2655792236328,-47.37944793701172,38.919639587402344
151,"Puysegur, 30km, 50% coupling; col: 24, row: 0",26.21959686279297,17.38228988647461,5.156550884246826,9.637738227844238,164.92059326171875,-46.87470245361328,5.156550884246826,164.8714141845703,-47.004764556884766,5.156550884246826
152,"Puysegur, 30km, 50% coupling; col: 24, row: 1",26.062118530273438,17.143890380859375,9.112956047058105,13.534542083740234,165.08399963378906,-46.93867874145508,9.112956047058105,165.03680419921875,-47.069122314453125,9.112956047058105
153,"Puysegur, 30km, 50% coupling; col: 24, row: 2",25.90770149230957,16.926250457763672,13.886946678161621,18.25405502319336,165.2461395263672,-47.00112533569336,13.886946678161621,165.19952392578125,-47.13169860839844,13.886946678161621
154,"Puysegur, 30km, 50% coupling; col: 24, row: 3",25.751209259033203,17.024887084960938,17.885175704956055,22.2769832611084,165.4109649658203,-47.06427001953125,17.885175704956055,165.3650665283203,-47.19499588012695,17.885175704956055
155,"Puysegur, 30km, 50% coupling; col: 24, row: 4",25.593204498291016,17.03631019592285,21.179649353027344,25.57431411743164,165.5790557861328,-47.12776184082031,21.179649353027344,165.53280639648438,-47.258460998535156,21.179649353027344
156,"Puysegur, 30km, 50% coupling; col: 24, row: 5",25.437776565551758,17.08899688720703,25.346397399902344,29.754247665405273,165.7454376220703,-47.19002914428711,25.346397399902344,165.69842529296875,-47.32063674926758,25.346397399902344
157,"Puysegur, 30km, 50% coupling; col: 24, row: 6",25.28296661376953,17.022706985473633,29.545198440551758,33.936458587646484,165.91265869140625,-47.25182342529297,29.545198440551758,165.86398315429688,-47.38218307495117,29.545198440551758
158,"Puysegur, 30km, 50% coupling; col: 24, row: 7",25.129920959472656,16.74822235107422,34.2087287902832,38.531227111816406,166.07870483398438,-47.312782287597656,34.2087287902832,166.02825927734375,-47.4428596496582,34.2087287902832
159,"Puysegur, 30km, 50% coupling; col: 24, row: 8",24.9770450592041,19.109567642211914,38.636409759521484,43.54704666137695,166.24688720703125,-47.3732795715332,38.636409759521484,166.19329833984375,-47.502811431884766,38.636409759521484
160,"Puysegur, 30km, 50% coupling; col: 25, row: 0",26.083215713500977,17.162137985229492,5.427242755889893,9.8533935546875,164.87176513671875,-47.00926971435547,5.427242755889893,164.82041931152344,-47.13895797729492,5.427242755889893
161,"Puysegur, 30km, 50% coupling; col: 25, row: 1",25.9248104095459,17.07481575012207,9.057884216308594,13.462186813354492,165.0382843017578,-47.07321548461914,9.057884216308594,164.9864501953125,-47.202850341796875,9.057884216308594
162,"Puysegur, 30km, 50% coupling; col: 25, row: 2",25.768606185913086,16.823974609375,13.38318157196045,17.724666595458984,165.2025604248047,-47.13618850708008,13.38318157196045,165.1507568359375,-47.265865325927734,13.38318157196045
163,"Puysegur, 30km, 50% coupling; col: 25, row: 3",25.612850189208984,16.973623275756836,17.694255828857422,22.073226928710938,165.3674774169922,-47.19876480102539,17.694255828857422,165.3152313232422,-47.32839584350586,17.694255828857422
164,"Puysegur, 30km, 50% coupling; col: 25, row: 4",25.455547332763672,16.99115562438965,21.413558959960938,25.796920776367188,165.53521728515625,-47.26176452636719,21.413558959960938,165.48193359375,-47.3912353515625,21.413558959960938
165,"Puysegur, 30km, 50% coupling; col: 25, row: 5",25.3010311126709,17.1002197265625,25.922061920166016,30.332721710205078,165.70150756835938,-47.32341384887695,25.922061920166016,165.6462860107422,-47.45254135131836,25.922061920166016
166,"Puysegur, 30km, 50% coupling; col: 25, row: 6",25.14643096923828,17.00151252746582,30.50545310974121,34.89140701293945,165.8668670654297,-47.385128021240234,30.50545310974121,165.8113555908203,-47.51423645019531,30.50545310974121
167,"Puysegur, 30km, 50% coupling; col: 25, row: 7",24.993370056152344,17.63434410095215,34.96918487548828,39.513301849365234,166.03591918945312,-47.44562911987305,34.96918487548828,165.97543334960938,-47.57374572753906,34.96918487548828
168,"Puysegur, 30km, 50% coupling; col: 25, row: 8",24.8389835357666,19.59465980529785,38.3976936340332,43.42815017700195,166.2115020751953,-47.506187438964844,38.3976936340332,166.14170837402344,-47.63215637207031,38.3976936340332
169,"Puysegur, 30km, 50% coupling; col: 26, row: 0",25.940797805786133,17.174591064453125,5.712277412414551,10.1415433883667,164.83428955078125,-47.14605712890625,5.712277412414551,164.77606201171875,-47.27440643310547,5.712277412414551
170,"Puysegur, 30km, 50% coupling; col: 26, row: 1",25.782413482666016,16.987768173217773,9.60875415802002,13.991267204284668,165.00006103515625,-47.209903717041016,9.60875415802002,164.94183349609375,-47.33829116821289,9.60875415802002
171,"Puysegur, 30km, 50% coupling; col: 26, row: 2",25.624643325805664,16.80263328552246,13.727377891540527,18.063514709472656,165.16490173339844,-47.2734375,13.727377891540527,165.10757446289062,-47.40205001831055,13.727377891540527
172,"Puysegur, 30km, 50% coupling; col: 26, row: 3",25.46784210205078,16.934253692626953,17.97868537902832,22.347797393798828,165.3304901123047,-47.336307525634766,17.97868537902832,165.2729034423828,-47.464908599853516,17.97868537902832
173,"Puysegur, 30km, 50% coupling; col: 26, row: 4",25.31075096130371,17.011301040649414,22.028825759887695,26.4172306060791,165.4974822998047,-47.39910125732422,22.028825759887695,165.4391326904297,-47.527587890625,22.028825759887695
174,"Puysegur, 30km, 50% coupling; col: 26, row: 5",25.1556339263916,17.08350944519043,26.670305252075195,31.076784133911133,165.66270446777344,-47.46099090576172,26.670305252075195,165.60389709472656,-47.589412689208984,26.670305252075195
175,"Puysegur, 30km, 50% coupling; col: 26, row: 6",25.000038146972656,17.005306243896484,31.195682525634766,35.58258819580078,165.82823181152344,-47.523006439208984,31.195682525634766,165.769775390625,-47.651546478271484,31.195682525634766
176,"Puysegur, 30km, 50% coupling; col: 26, row: 7",24.846710205078125,19.256467819213867,35.14374542236328,40.09070587158203,166.00482177734375,-47.58283996582031,35.14374542236328,165.9340057373047,-47.70854187011719,35.14374542236328
177,"Puysegur, 30km, 50% coupling; col: 27, row: 0",25.81658363342285,17.054271697998047,5.543229579925537,9.942390441894531,164.7736053466797,-47.27622985839844,5.543229579925537,164.71322631835938,-47.404136657714844,5.543229579925537
178,"Puysegur, 30km, 50% coupling; col: 27, row: 1",25.65770149230957,16.978574752807617,9.419069290161133,13.799280166625977,164.9401092529297,-47.34009552001953,9.419069290161133,164.87921142578125,-47.467933654785156,9.419069290161133
179,"Puysegur, 30km, 50% coupling; col: 27, row: 2",25.501514434814453,16.83667755126953,13.844732284545898,18.189401626586914,165.1064453125,-47.40254592895508,13.844732284545898,165.0429229736328,-47.52983474731445,13.844732284545898
180,"Puysegur, 30km, 50% coupling; col: 27, row: 3",25.345495223999023,16.931598663330078,18.222789764404297,22.591236114501953,165.2730712890625,-47.46479415893555,18.222789764404297,165.2070770263672,-47.591548919677734,18.222789764404297
181,"Puysegur, 30km, 50% coupling; col: 27, row: 4",25.18718719482422,17.020709991455078,21.895877838134766,26.286638259887695,165.44224548339844,-47.527854919433594,21.895877838134766,165.374267578125,-47.654170989990234,21.895877838134766
182,"Puysegur, 30km, 50% coupling; col: 27, row: 5",25.031787872314453,16.99501609802246,26.467058181762695,30.85138702392578,165.60934448242188,-47.58958435058594,26.467058181762695,165.5389862060547,-47.715354919433594,26.467058181762695
183,"Puysegur, 30km, 50% coupling; col: 27, row: 6",24.875089645385742,17.122488021850586,30.72203254699707,35.13826370239258,165.77703857421875,-47.651798248291016,30.72203254699707,165.7057342529297,-47.777366638183594,30.72203254699707
184,"Puysegur, 30km, 50% coupling; col: 27, row: 7",24.718324661254883,20.41025161743164,34.68831253051758,39.919410705566406,165.94778442382812,-47.713653564453125,34.68831253051758,165.8734130859375,-47.83845901489258,34.68831253051758
185,"Puysegur, 30km, 50% coupling; col: 28, row: 0",25.69974136352539,16.741039276123047,5.572876453399658,9.893573760986328,164.71481323242188,-47.402957916259766,5.572876453399658,164.64305114746094,-47.52815246582031,5.572876453399658
186,"Puysegur, 30km, 50% coupling; col: 28, row: 1",25.540775299072266,17.010845184326172,9.468911170959473,13.857202529907227,164.88265991210938,-47.46662139892578,9.468911170959473,164.80882263183594,-47.59131622314453,9.468911170959473
187,"Puysegur, 30km, 50% coupling; col: 28, row: 2",25.383224487304688,16.976116180419922,13.758889198303223,18.138484954833984,165.049560546875,-47.52958297729492,13.758889198303223,164.97369384765625,-47.653770446777344,13.758889198303223
188,"Puysegur, 30km, 50% coupling; col: 28, row: 3",25.22610855102539,17.046459197998047,18.221540451049805,22.618745803833008,165.21560668945312,-47.59228515625,18.221540451049805,165.13870239257812,-47.71623229980469,18.221540451049805
189,"Puysegur, 30km, 50% coupling; col: 28, row: 4",25.068544387817383,17.025344848632812,22.50618553161621,26.89810562133789,165.3826904296875,-47.65502166748047,22.50618553161621,165.30479431152344,-47.77873611450195,22.50618553161621
190,"Puysegur, 30km, 50% coupling; col: 28, row: 5",24.9111270904541,16.977561950683594,27.031272888183594,31.411231994628906,165.54734802246094,-47.717742919921875,27.031272888183594,165.4713134765625,-47.84203338623047,27.031272888183594
191,"Puysegur, 30km, 50% coupling; col: 28, row: 6",24.75308609008789,17.2014102935791,31.256755828857422,35.69272994995117,165.71392822265625,-47.780517578125,31.256755828857422,165.63914489746094,-47.90520095825195,31.256755828857422
192,"Puysegur, 30km, 50% coupling; col: 28, row: 7",24.5931339263916,20.02571678161621,35.24132537841797,40.377952575683594,165.8779296875,-47.8442268371582,35.24132537841797,165.8098907470703,-47.9706916809082,35.24132537841797
193,"Puysegur, 30km, 50% coupling; col: 29, row: 0",25.57112693786621,17.170848846435547,5.818345546722412,10.246675491333008,164.66229248046875,-47.53527069091797,5.818345546722412,164.58580017089844,-47.659217834472656,5.818345546722412
194,"Puysegur, 30km, 50% coupling; col: 29, row: 1",25.41234588623047,17.006792068481445,10.088714599609375,14.475990295410156,164.82823181152344,-47.598854064941406,10.088714599609375,164.75108337402344,-47.72267150878906,10.088714599609375
195,"Puysegur, 30km, 50% coupling; col: 29, row: 2",25.253158569335938,17.10077476501465,14.531100273132324,18.941898345947266,164.9912872314453,-47.66271209716797,14.531100273132324,164.9174041748047,-47.7874870300293,14.531100273132324
196,"Puysegur, 30km, 50% coupling; col: 29, row: 3",25.094173431396484,17.09429931640625,19.006511688232422,23.41568946838379,165.15455627441406,-47.72636032104492,19.006511688232422,165.08412170410156,-47.85208511352539,19.006511688232422
197,"Puysegur, 30km, 50% coupling; col: 29, row: 4",24.93367576599121,17.021976470947266,23.072322845458984,27.46339988708496,165.31837463378906,-47.790618896484375,23.072322845458984,165.25306701660156,-47.91763687133789,23.072322845458984
198,"Puysegur, 30km, 50% coupling; col: 29, row: 5",24.772363662719727,16.8333683013916,26.681493759155273,31.025333404541016,165.48458862304688,-47.85499572753906,26.681493759155273,165.42347717285156,-47.98299789428711,26.681493759155273
199,"Puysegur, 30km, 50% coupling; col: 29, row: 6",24.615447998046875,17.960895538330078,31.466083526611328,36.09159851074219,165.6489715576172,-47.91724395751953,31.466083526611328,165.5899658203125,-48.04573440551758,31.466083526611328
200,"Puysegur, 30km, 50% coupling; col: 30, row: 0",25.464115142822266,17.446083068847656,5.946447849273682,10.443571090698242,164.5688018798828,-47.66073226928711,5.946447849273682,164.50697326660156,-47.78838348388672,5.946447849273682
201,"Puysegur, 30km, 50% coupling; col: 30, row: 1",25.303865432739258,17.095197677612305,10.38473129272461,14.794134140014648,164.73138427734375,-47.72522735595703,10.38473129272461,164.6735076904297,-47.85376739501953,10.38473129272461
202,"Puysegur, 30km, 50% coupling; col: 30, row: 2",25.14238166809082,16.89896583557129,14.59822940826416,18.95850372314453,164.8939666748047,-47.7902717590332,14.59822940826416,164.84202575683594,-47.91999435424805,14.59822940826416
203,"Puysegur, 30km, 50% coupling; col: 30, row: 3",24.979721069335938,17.028562545776367,18.19191551208496,22.58464241027832,165.0598602294922,-47.85548400878906,18.19191551208496,165.0123748779297,-47.98601531982422,18.19191551208496
204,"Puysegur, 30km, 50% coupling; col: 30, row: 4",24.81805992126465,17.130870819091797,21.8862247467041,26.304553985595703,165.22605895996094,-47.920074462890625,21.8862247467041,165.18228149414062,-48.05121994018555,21.8862247467041
205,"Puysegur, 30km, 50% coupling; col: 30, row: 5",24.659536361694336,17.069965362548828,26.56040382385254,30.96349334716797,165.38980102539062,-47.98325729370117,26.56040382385254,165.34945678710938,-48.11492919921875,26.56040382385254
206,"Puysegur, 30km, 50% coupling; col: 30, row: 6",24.4999942779541,18.20277214050293,30.04218101501465,34.7278938293457,165.56332397460938,-48.04563522338867,30.04218101501465,165.51809692382812,-48.1766242980957,30.04218101501465
207,"Puysegur, 30km, 50% coupling; col: 31, row: 0",25.354019165039062,17.453542709350586,4.6697468757629395,9.168732643127441,164.4744415283203,-47.78868103027344,4.6697468757629395,164.43258666992188,-47.919979095458984,4.6697468757629395
208,"Puysegur, 30km, 50% coupling; col: 31, row: 1",25.19210433959961,17.30124282836914,8.470154762268066,12.9310884475708,164.63731384277344,-47.8539924621582,8.470154762268066,164.6007080078125,-47.98603057861328,8.470154762268066
209,"Puysegur, 30km, 50% coupling; col: 31, row: 2",25.034345626831055,17.039716720581055,13.160883903503418,17.5564022064209,164.80189514160156,-47.916778564453125,13.160883903503418,164.7646942138672,-48.04877471923828,13.160883903503418
210,"Puysegur, 30km, 50% coupling; col: 31, row: 3",24.87302589416504,17.002166748046875,17.068115234375,21.454233169555664,164.968505859375,-47.98111343383789,17.068115234375,164.93316650390625,-48.11336898803711,17.068115234375
211,"Puysegur, 30km, 50% coupling; col: 31, row: 4",24.713603973388672,17.18887710571289,21.370548248291016,25.803388595581055,165.134765625,-48.04438018798828,21.370548248291016,165.1002197265625,-48.1767578125,21.370548248291016
212,"Puysegur, 30km, 50% coupling; col: 31, row: 5",24.55099868774414,17.117223739624023,24.70921516418457,29.124130249023438,165.30409240722656,-48.10887908935547,24.70921516418457,165.271240234375,-48.24148178100586,24.70921516418457
213,"Puysegur, 30km, 50% coupling; col: 31, row: 6",24.395492553710938,18.580345153808594,29.312864303588867,34.092376708984375,165.47561645507812,-48.16912841796875,29.312864303588867,165.43507385253906,-48.300804138183594,29.312864303588867
214,"Puysegur, 30km, 50% coupling; col: 32, row: 0",25.212703704833984,17.62153434753418,5.189087867736816,9.730009078979492,164.42588806152344,-47.928104400634766,5.189087867736816,164.39060974121094,-48.060279846191406,5.189087867736816
215,"Puysegur, 30km, 50% coupling; col: 32, row: 1",25.049257278442383,17.46639633178711,8.446720123291016,12.9489164352417,164.59567260742188,-47.993160247802734,8.446720123291016,164.55970764160156,-48.125282287597656,8.446720123291016
216,"Puysegur, 30km, 50% coupling; col: 32, row: 2",24.888090133666992,17.102357864379883,12.466058731079102,16.87725257873535,164.76260375976562,-48.05729293823242,12.466058731079102,164.72708129882812,-48.18950271606445,12.466058731079102
217,"Puysegur, 30km, 50% coupling; col: 32, row: 3",24.730064392089844,16.954553604125977,17.435184478759766,21.80938148498535,164.9271240234375,-48.119972229003906,17.435184478759766,164.8917694091797,-48.25223159790039,17.435184478759766
218,"Puysegur, 30km, 50% coupling; col: 32, row: 4",24.570344924926758,17.156354904174805,21.883277893066406,26.3079833984375,165.09402465820312,-48.183135986328125,21.883277893066406,165.0588836669922,-48.31544876098633,21.883277893066406
219,"Puysegur, 30km, 50% coupling; col: 32, row: 5",24.40819549560547,17.120216369628906,25.606443405151367,30.022106170654297,165.26332092285156,-48.24720764160156,25.606443405151367,165.22914123535156,-48.37966537475586,25.606443405151367
220,"Puysegur, 30km, 50% coupling; col: 32, row: 6",24.245132446289062,18.74643898010254,28.733856201171875,33.5545654296875,165.43606567382812,-48.311134338378906,28.733856201171875,165.4011688232422,-48.44353485107422,28.733856201171875
221,"Puysegur, 30km, 50% coupling; col: 33, row: 0",25.064884185791016,17.609657287597656,5.276358604431152,9.814316749572754,164.3924102783203,-48.069339752197266,5.276358604431152,164.355224609375,-48.20128631591797,5.276358604431152
222,"Puysegur, 30km, 50% coupling; col: 33, row: 1",24.90053939819336,17.460657119750977,8.454980850219727,12.955742835998535,164.56256103515625,-48.13465881347656,8.454980850219727,164.5251007080078,-48.266605377197266,8.454980850219727
223,"Puysegur, 30km, 50% coupling; col: 33, row: 2",24.737520217895508,17.071420669555664,12.089430809020996,16.492883682250977,164.73147583007812,-48.19934844970703,12.089430809020996,164.69418334960938,-48.33134841918945,12.089430809020996
224,"Puysegur, 30km, 50% coupling; col: 33, row: 3",24.577838897705078,16.949357986450195,16.748085021972656,21.120981216430664,164.8975372314453,-48.26252746582031,16.748085021972656,164.8604278564453,-48.39458084106445,16.748085021972656
225,"Puysegur, 30km, 50% coupling; col: 33, row: 4",24.418134689331055,17.15717315673828,21.263471603393555,25.688379287719727,165.06451416015625,-48.32549285888672,21.263471603393555,165.02731323242188,-48.45756530761719,21.263471603393555
226,"Puysegur, 30km, 50% coupling; col: 33, row: 5",24.257617950439453,17.570432662963867,25.118093490600586,29.646263122558594,165.23654174804688,-48.388126373291016,25.118093490600586,165.1954345703125,-48.51971435546875,25.118093490600586
227,"Puysegur, 30km, 50% coupling; col: 33, row: 6",24.10199737548828,18.773242950439453,30.342514038085938,35.16986846923828,165.40359497070312,-48.4487190246582,30.342514038085938,165.3591766357422,-48.57986068725586,30.342514038085938
228,"Puysegur, 30km, 50% coupling; col: 34, row: 0",24.920272827148438,17.61505889892578,4.637118339538574,9.176424026489258,164.35594177246094,-48.2095832824707,4.637118339538574,164.3170166015625,-48.341312408447266,4.637118339538574
229,"Puysegur, 30km, 50% coupling; col: 34, row: 1",24.75712013244629,17.4195556640625,8.090825080871582,12.581321716308594,164.5247802734375,-48.274269104003906,8.090825080871582,164.48544311523438,-48.405982971191406,8.090825080871582
230,"Puysegur, 30km, 50% coupling; col: 34, row: 2",24.598642349243164,17.057506561279297,13.226874351501465,17.62684440612793,164.68923950195312,-48.33695602416992,13.226874351501465,164.6495819091797,-48.46865463256836,13.226874351501465
231,"Puysegur, 30km, 50% coupling; col: 34, row: 3",24.437862396240234,16.91750144958496,17.662525177001953,22.027441024780273,164.85606384277344,-48.400455474853516,17.662525177001953,164.81675720214844,-48.53223419189453,17.662525177001953
232,"Puysegur, 30km, 50% coupling; col: 34, row: 4",24.275585174560547,17.14925193786621,21.531463623046875,25.954391479492188,165.02540588378906,-48.46430206298828,21.531463623046875,164.98611450195312,-48.59611511230469,21.531463623046875
233,"Puysegur, 30km, 50% coupling; col: 34, row: 5",24.11802101135254,17.87735366821289,26.14388084411621,30.74858856201172,165.19642639160156,-48.52534103393555,26.14388084411621,165.15081787109375,-48.65628433227539,26.14388084411621
234,"Puysegur, 30km, 50% coupling; col: 35, row: 0",24.776134490966797,17.497135162353516,5.47003173828125,9.979903221130371,164.32106018066406,-48.349700927734375,5.47003173828125,164.27865600585938,-48.48096466064453,5.47003173828125
235,"Puysegur, 30km, 50% coupling; col: 35, row: 1",24.611133575439453,17.32425880432129,8.895925521850586,13.362611770629883,164.4908905029297,-48.41507339477539,8.895925521850586,164.44886779785156,-48.546424865722656,8.895925521850586
236,"Puysegur, 30km, 50% coupling; col: 35, row: 2",24.447189331054688,17.0123291015625,12.570760726928711,16.959423065185547,164.6604766845703,-48.47981643676758,12.570760726928711,164.6185302734375,-48.61121368408203,12.570760726928711
237,"Puysegur, 30km, 50% coupling; col: 35, row: 3",24.287912368774414,16.87262725830078,17.51563835144043,21.869314193725586,164.82684326171875,-48.54240798950195,17.51563835144043,164.7838897705078,-48.6736946105957,17.51563835144043
238,"Puysegur, 30km, 50% coupling; col: 35, row: 4",24.13040542602539,17.838964462280273,22.356592178344727,26.951732635498047,164.99700927734375,-48.60346221923828,22.356592178344727,164.9477996826172,-48.73381423950195,22.356592178344727
239,"Puysegur, 30km, 50% coupling; col: 35, row: 5",23.970558166503906,18.807315826416016,26.356523513793945,31.19232177734375,165.17247009277344,-48.66508483886719,26.356523513793945,165.11463928222656,-48.793914794921875,26.356523513793945
240,"Puysegur, 30km, 50% coupling; col: 36, row: 0",24.640411376953125,17.153915405273438,5.317381381988525,9.741475105285645,164.2811279296875,-48.48640060424805,5.317381381988525,164.2318878173828,-48.61661911010742,5.317381381988525
241,"Puysegur, 30km, 50% coupling; col: 36, row: 1",24.47614860534668,17.15084457397461,9.083144187927246,13.5064697265625,164.45079040527344,-48.551239013671875,9.083144187927246,164.40110778808594,-48.681419372558594,9.083144187927246
242,"Puysegur, 30km, 50% coupling; col: 36, row: 2",24.313636779785156,16.99679183959961,13.182995796203613,17.567768096923828,164.62139892578125,-48.61495590209961,13.182995796203613,164.5689239501953,-48.74468994140625,13.182995796203613
243,"Puysegur, 30km, 50% coupling; col: 36, row: 3",24.150585174560547,17.01730728149414,17.017120361328125,21.40703010559082,164.79383850097656,-48.67863464355469,17.017120361328125,164.73788452148438,-48.80777359008789,17.017120361328125
244,"Puysegur, 30km, 50% coupling; col: 36, row: 4",23.992490768432617,18.2535400390625,21.45081901550293,26.14915657043457,164.97097778320312,-48.73926544189453,21.45081901550293,164.9019775390625,-48.865657806396484,21.45081901550293
245,"Puysegur, 30km, 50% coupling; col: 37, row: 0",24.4948787689209,16.698448181152344,5.359591484069824,9.669610023498535,164.2652130126953,-48.625953674316406,5.359591484069824,164.19503784179688,-48.75191116333008,5.359591484069824
246,"Puysegur, 30km, 50% coupling; col: 37, row: 1",24.33159828186035,17.02884864807129,9.554422378540039,13.947219848632812,164.43414306640625,-48.690223693847656,9.554422378540039,164.3631134033203,-48.816017150878906,9.554422378540039
247,"Puysegur, 30km, 50% coupling; col: 37, row: 2",24.170774459838867,16.891517639160156,14.272090911865234,18.6304988861084,164.60354614257812,-48.753150939941406,14.272090911865234,164.52908325195312,-48.87812805175781,14.272090911865234
248,"Puysegur, 30km, 50% coupling; col: 37, row: 3",24.010011672973633,18.4803524017334,18.282222747802734,23.036914825439453,164.7831573486328,-48.815189361572266,18.282222747802734,164.6954345703125,-48.93642044067383,18.282222747802734
249,"Puysegur, 30km, 50% coupling; col: 38, row: 0",24.38840103149414,16.972389221191406,5.900720119476318,10.279382705688477,164.2066192626953,-48.75115203857422,5.900720119476318,164.1192169189453,-48.872352600097656,5.900720119476318
250,"Puysegur, 30km, 50% coupling; col: 38, row: 1",24.224384307861328,17.025110244750977,10.160937309265137,14.5527982711792,164.37559509277344,-48.815670013427734,10.160937309265137,164.2877655029297,-48.936798095703125,10.160937309265137
251,"Puysegur, 30km, 50% coupling; col: 38, row: 2",24.061439514160156,17.852338790893555,14.560534477233887,19.159008026123047,164.5459747314453,-48.87945556640625,14.560534477233887,164.4557647705078,-48.999881744384766,14.560534477233887
252,"Puysegur, 30km, 50% coupling; col: 38, row: 3",23.90056037902832,19.22342300415039,19.196996688842773,24.135786056518555,164.71957397460938,-48.94202423095703,19.196996688842773,164.62213134765625,-49.06005859375,19.196996688842773
253,"Puysegur, 30km, 50% coupling; col: 39, row: 0",24.305213928222656,17.14016342163086,5.552363395690918,9.973017692565918,164.10638427734375,-48.868919372558594,5.552363395690918,164.02073669433594,-48.9907112121582,5.552363395690918
254,"Puysegur, 30km, 50% coupling; col: 39, row: 1",24.139888763427734,17.020706176757812,9.833029747009277,14.22378921508789,164.27301025390625,-48.934120178222656,9.833029747009277,164.1903533935547,-49.056861877441406,9.833029747009277
255,"Puysegur, 30km, 50% coupling; col: 39, row: 2",23.976858139038086,18.551965713500977,14.394640922546387,19.167110443115234,164.4426727294922,-48.99785614013672,14.394640922546387,164.35809326171875,-49.120094299316406,14.394640922546387
256,"Puysegur, 30km, 50% coupling; col: 39, row: 3",23.81587028503418,19.650894165039062,19.440126419067383,24.48444938659668,164.6107635498047,-49.060630798339844,19.440126419067383,164.52426147460938,-49.18234634399414,19.440126419067383
257,"Puysegur, 30km, 50% coupling; col: 40, row: 0",24.21405601501465,17.18231201171875,5.4565019607543945,9.887699127197266,164.0047149658203,-48.99104309082031,5.4565019607543945,163.93162536621094,-49.116363525390625,5.4565019607543945
258,"Puysegur, 30km, 50% coupling; col: 40, row: 1",24.04816436767578,16.771223068237305,9.682393074035645,14.01065731048584,164.17161560058594,-49.05645751953125,9.682393074035645,164.10150146484375,-49.18256378173828,9.682393074035645
259,"Puysegur, 30km, 50% coupling; col: 40, row: 2",23.882308959960938,18.595808029174805,13.582677841186523,18.36602783203125,164.34202575683594,-49.12131881713867,13.582677841186523,164.27194213867188,-49.24748229980469,13.582677841186523
260,"Puysegur, 30km, 50% coupling; col: 41, row: 0",24.094457626342773,16.939790725708008,5.563796043395996,9.934294700622559,163.94009399414062,-49.12420654296875,5.563796043395996,163.87200927734375,-49.25077819824219,5.563796043395996
261,"Puysegur, 30km, 50% coupling; col: 41, row: 1",23.92833709716797,17.179304122924805,9.428566932678223,13.85901165008545,164.1132354736328,-49.188995361328125,9.428566932678223,164.04159545898438,-49.31476974487305,9.428566932678223
262,"Puysegur, 30km, 50% coupling; col: 41, row: 2",23.763402938842773,18.381807327270508,13.718503952026367,18.448720932006836,164.2850341796875,-49.253173828125,13.718503952026367,164.2106475830078,-49.378318786621094,13.718503952026367
263,"Puysegur, 30km, 50% coupling; col: 42, row: 0",23.99733543395996,16.97826385498047,5.3179426193237305,9.698076248168945,163.85887145996094,-49.248348236083984,5.3179426193237305,163.78982543945312,-49.37472152709961,5.3179426193237305
264,"Puysegur, 30km, 50% coupling; col: 42, row: 1",23.829477310180664,17.574241638183594,8.796610832214355,13.32573127746582,164.03338623046875,-49.31373596191406,8.796610832214355,163.96092224121094,-49.4393424987793,8.796610832214355
265,"Puysegur, 30km, 50% coupling; col: 42, row: 2",23.66645622253418,18.12742042541504,13.638533592224121,18.305503845214844,164.20310974121094,-49.37709045410156,13.638533592224121,164.12765502929688,-49.50199508666992,13.638533592224121
266,"Puysegur, 30km, 50% coupling; col: 43, row: 0",23.89350128173828,17.19446563720703,5.31962776184082,9.753864288330078,163.79287719726562,-49.3747673034668,5.31962776184082,163.7147216796875,-49.4988899230957,5.31962776184082
267,"Puysegur, 30km, 50% coupling; col: 43, row: 1",23.725265502929688,17.99744415283203,9.096001625061035,13.730620384216309,163.96449279785156,-49.44050216674805,9.096001625061035,163.88613891601562,-49.564632415771484,9.096001625061035
268,"Puysegur, 30km, 50% coupling; col: 44, row: 0",23.782455444335938,17.272464752197266,5.7662458419799805,10.219985961914062,163.73741149902344,-49.50429153442383,5.7662458419799805,163.6475372314453,-49.62506103515625,5.7662458419799805
269,"Puysegur, 30km, 50% coupling; col: 44, row: 1",23.614791870117188,18.020492553710938,9.974759101867676,14.615116119384766,163.90806579589844,-49.56972885131836,9.974759101867676,163.81813049316406,-49.690547943115234,9.974759101867676
270,"Puysegur, 30km, 50% coupling; col: 45, row: 0",23.689577102661133,17.78994369506836,5.918692111968994,10.501615524291992,163.65968322753906,-49.62750244140625,5.918692111968994,163.5628662109375,-49.746055603027344,5.918692111968994
